Tama√±o,Productividad,Rentabilidad,web_visit,web_hosp,web_history,web_DO,web_infr,web_experience,long,lat
15.2216649328836,-6.22114279837639,1.23734394495641,0.692,0.778,0.778,0.778,0.708,0.875,-1.89044,42.30338
10.0205482300968,-2.84702199974152,0.0990817054091986,0.769,0.556,0.889,0.667,0.5,1.0,-0.88201,38.80837
12.2079714031797,-4.2729509345908,0.619883130240131,0.846,0.778,0.889,0.667,0.792,1.0,-1.21959697,41.34032988
11.3339584506526,-1.13269822524223,0.338279073254112,0.846,0.667,0.889,0.667,0.667,1.0,-2.44696,42.47235
9.61251683455356,-0.77808941668933,0.108083275665784,0.692,0.259,0.222,0.444,0.583,0.75,-8.83645112,41.91477381
7.11380454213346,-2.14969186339251,-0.49939537687978,0.538,0.593,0.556,0.778,0.583,0.875,-1.47479,41.76167
6.7701596825543,-2.24254126664859,-0.131328890412106,0.769,0.444,0.667,1.0,0.5,0.875,-3.386554,38.937974
7.35665997826338,-1.8752706104731,0.4506224170732,0.769,0.741,0.778,0.889,0.833,0.875,-1.12454,39.50375
6.29425225546102,-1.12736311445931,-1.30978747677603,0.462,0.444,0.222,0.333,0.375,0.5,-6.33599,38.56454
7.33481588706974,0.137334161827163,0.838444124133289,0.769,0.444,0.444,0.556,0.542,0.875,-1.32328,38.48769
6.70192393803876,-2.80004571756587,0.468978027404816,0.846,0.556,0.889,0.667,0.667,0.875,1.7031,41.34312
6.55362478464535,1.42581933724915,-1.36046016490755,0.923,0.926,0.667,0.778,0.792,0.875,-4.14236118,41.53652838
7.70051509717301,0.0264281244708122,1.65930619093051,0.692,0.704,0.667,0.667,0.625,1.0,1.78328,41.42522
7.29231040557258,-1.69798905790196,1.27636681616181,0.769,0.889,0.556,0.556,0.917,0.875,-3.69,40.41637
5.58429601349447,-2.33193962816068,0.549756591259503,0.385,0.333,0.556,0.778,0.333,0.625,-6.44662,38.52736
3.89688505641883,0.63041526955288,-0.731268934483488,0.308,0.37,0.333,0.333,0.375,0.5,-1.31363,38.4712
6.26542581308008,-2.6711987033061,-0.168395348012381,0.769,0.556,0.556,0.667,0.5,0.875,-2.40929,42.45974
6.62417356641608,-0.449285911537404,-0.5552193648083,0.308,0.074,0.0,0.0,0.083,0.0,-3.686687,41.726664
8.58757971884715,-2.84963963990506,0.395092401332603,0.385,0.222,0.556,0.667,0.458,0.75,-3.386554,38.937974
5.85011413915433,0.840088995696932,-0.204611963573777,0.385,0.259,0.333,0.222,0.458,0.5,-1.79943664,42.45132729
4.72298556602363,-2.04664967876532,0.518349338950086,0.846,0.519,1.0,0.667,0.708,0.875,-1.13122,38.62056
3.98257554793054,-1.00929305643065,0.0603219602944422,0.923,0.667,0.778,0.667,0.75,0.875,-5.0131676,41.49217101
4.74408427182754,-0.412640302981681,0.462496608233946,0.615,0.444,0.556,0.667,0.667,0.875,-2.43549,42.50048
4.95824361488882,-1.19296209932857,0.050786580061917,0.923,0.741,0.778,0.667,0.75,1.0,1.7964459,41.3813711
3.23854269137295,-0.905278763048113,-0.170245435279215,0.769,0.63,0.667,0.556,0.458,0.875,-1.153474,38.61637
3.08781211343073,-3.94836436287827,-0.189883276832288,0.462,0.259,0.333,0.444,0.333,0.5,-1.80191,42.0861
4.8416970038823,1.84544075549306,-1.17730980513445,0.846,0.63,0.667,0.556,0.625,1.0,-4.100402,41.638687
5.41797331998882,2.14602112076592,0.586602816814374,0.846,0.556,0.667,0.667,0.708,0.875,-1.75576,42.17787
5.03577356991033,1.60898707590432,-1.64524572788482,0.846,0.667,0.556,0.667,0.583,0.875,-1.89044,42.30338
4.16250112673924,-0.0909917869183811,1.31036228991391,0.769,0.519,1.0,0.667,0.542,0.75,-13.6473527,29.00113617
4.67233748859969,2.29125472065001,-0.0806084699978894,0.846,0.556,0.444,0.667,0.625,1.0,-4.86269,41.45851
3.42355447540688,-1.1807738843749,0.0300269862885157,0.769,0.556,0.556,0.444,0.625,0.875,-4.01517902,41.5755421
2.93093519480447,-3.24278113088793,-0.395816500400161,0.846,0.63,0.556,0.889,0.75,1.0,-3.68192,40.46731
5.75658654869925,1.36443455483327,1.18554566196325,0.769,0.63,0.556,0.667,0.417,0.75,-3.98644,41.71207
4.80347166389497,2.57509699279733,0.554482137440383,0.692,0.556,0.556,0.556,0.5,0.875,-3.96391,41.61405
4.07507661799135,-1.94193791297542,-0.231861961931374,0.692,0.481,0.667,0.667,0.667,1.0,-2.58739,42.46245
5.11000040746109,2.27077770801679,0.961718037090687,0.846,0.296,0.444,0.556,0.458,0.875,-3.87541,41.74104
3.65653618607403,0.0186267172848048,0.484515976197169,0.692,0.296,0.667,0.556,0.458,0.875,-4.86072,41.45756
4.29481095512862,1.62957594627617,0.327456213526861,0.615,0.259,0.444,0.667,0.208,0.875,-1.3285417,38.4735408
2.98069209108723,2.24281334258404,-1.03827401331025,0.769,0.333,0.444,0.556,0.5,0.75,-3.21751,39.38855
3.48550383528085,-1.34165263281749,-0.169041132195157,0.769,0.481,0.222,0.556,0.25,0.75,-2.37612,42.51203
3.16744532272067,-1.06063776247765,0.411688543488874,0.692,0.852,0.667,0.667,0.667,0.875,-1.6395971,41.9732671
2.00364092932604,0.236281668412996,-1.31872233848893,0.462,0.333,0.556,0.556,0.375,0.875,-8.83645112,41.91477381
2.35803255479408,-0.0510066542401858,1.02625318066482,0.846,0.444,0.333,0.556,0.5,0.875,2.91859,42.37516
3.33918995256643,2.37350224327359,-0.507679223693313,0.615,0.37,0.667,0.778,0.458,0.75,-1.24312168,41.4398134
3.26139916707759,-0.48411043842568,0.206404011267116,0.692,0.37,0.556,0.667,0.458,0.875,-4.76174046,37.12276279
2.63985623694024,-0.662246805158783,0.557019553151796,0.692,0.37,0.444,0.556,0.458,0.75,1.10855,41.13483
3.77030078002887,-2.49440056667782,0.327303502681057,0.615,0.519,0.556,0.444,0.625,0.875,-2.84581519,42.5780568
1.89732759640498,1.25668343604384,0.392746630461768,0.0,0.037,0.0,0.111,0.042,0.0,-6.81599,42.60639
1.9649176327277,-0.0687166616686234,-0.255997365490376,0.769,0.37,0.333,0.556,0.417,0.75,-8.83645112,41.91477381
2.59524867613455,-2.55398876045797,0.734109212850119,0.615,0.556,0.778,0.667,0.583,0.75,2.77583,39.65327
3.72912352617325,2.59371226886648,0.0181615881277568,0.692,0.778,0.778,0.444,0.583,0.75,-4.96071682,41.413679
2.36117767508387,1.69231072787071,-1.36068863029875,0.692,0.481,0.444,0.667,0.583,0.875,-2.48760349,42.3345725
1.54187148796769,0.903777406930553,-1.19131957134968,0.231,0.111,0.222,0.222,0.375,0.375,-6.3683452,38.44612238
5.24341844594539,-0.0079245594130339,0.677806916869129,0.538,0.444,0.333,0.667,0.583,0.75,-4.15978,41.64069
3.10590721619771,0.0288129865753797,0.361065550909953,0.692,0.519,0.444,0.444,0.542,0.5,1.79006877,41.4247105
2.26408366074081,0.507679732531276,-0.884972747786467,0.462,0.259,0.111,0.667,0.5,0.75,-2.4404,42.49589
3.79995563600505,1.03741597847739,0.284450895586444,0.769,0.63,0.778,0.667,0.667,0.875,-2.66601,42.54508
2.39360812051772,1.42736396350375,-0.676519364386616,0.231,0.185,0.333,0.333,0.292,0.375,-4.75086,37.57786
2.45182415616521,-4.02309702594995,0.0551179053638167,0.846,0.889,0.778,0.556,0.792,1.0,-3.00588,40.00895
0.991184385064754,-0.465314373222535,-0.147777900227353,0.769,0.63,0.778,0.667,0.625,0.875,-0.01192072,38.740699
1.70450679367718,0.679651391137135,-1.38065167928695,0.923,0.852,0.889,0.667,0.833,0.625,-2.29412007,42.39946345
3.02511184296214,-1.10581542551855,-0.489469671191368,0.538,0.333,0.333,0.556,0.375,0.875,-2.62192383,42.49627794
2.37504528539231,0.128654289873407,-1.81194358501309,0.923,0.926,0.667,0.778,0.792,0.875,-2.80186,42.59122
1.21866057517386,-0.0272376092840724,-0.173513617949648,0.308,0.074,0.222,0.222,0.167,0.375,-1.47087,39.28198
2.0141551197182,-1.26238493474274,0.590446452139016,0.615,0.222,0.444,0.556,0.458,0.875,-3.75982458,42.02808656
2.54176572990694,-2.22301705668759,0.571449114365092,0.692,0.333,0.333,0.667,0.5,0.875,2.84348,39.68258
2.11557559596547,-0.998302045883889,0.0179678568201825,0.462,0.519,0.333,0.778,0.458,0.75,-4.12804916,41.6994429
2.17882352345776,0.12985698036552,0.767560732743682,0.692,0.704,0.778,0.778,0.5,1.0,-1.10798,39.49027
3.92012864627451,1.55143610096772,1.24817647380321,0.692,0.333,0.778,0.556,0.542,1.0,-0.10121,38.5789
1.82925819594362,0.352242353639325,-0.140171244099426,0.462,0.259,0.333,0.444,0.333,0.5,-2.00577,42.65648
1.46270955113914,-0.90255648811732,0.372703334188352,0.769,0.63,0.778,0.444,0.708,0.875,2.2815147,41.47982068
1.01642107703133,-0.50685643347876,0.249761953033093,0.692,0.778,0.667,0.667,0.708,0.75,1.14169026,41.64143308
2.84736634963713,-0.771798148622941,0.836180939733249,0.692,0.593,0.556,0.556,0.625,0.75,-3.6839693,41.67254739
1.64131435016185,0.278546657773673,-0.413825143926104,0.462,0.259,0.444,0.667,0.333,0.625,-2.4934937,42.49795443
1.25211713952389,-0.473151705613293,0.109589507163277,0.923,0.704,0.667,0.667,0.833,0.875,-8.77893756,42.5383052
1.43197816610399,0.617985215893635,-0.484802535583491,0.692,0.556,0.333,0.556,0.458,0.875,-4.6881661,41.3165283
3.17733906147255,3.00081958140995,-0.314941823298991,0.538,0.111,0.111,0.444,0.375,0.625,-3.87536,41.73963
1.8102239240821,-0.947315464690645,0.285202250583598,0.846,0.815,0.889,0.556,0.667,0.875,0.96350321,41.72782151
1.42476603369615,0.861799629667514,0.796206312768276,0.538,0.444,0.667,0.667,0.542,0.875,1.6620982,41.3894169
0.984321811104057,0.383674628376172,-0.364485122291302,0.385,0.519,0.667,0.556,0.5,0.75,-3.68909,40.46082
-0.625544530106707,-3.57976509198954,-1.14934946746891,0.769,0.37,0.444,0.556,0.542,0.875,-2.56089,42.4283
1.42712166385057,-0.034911614849958,0.42039442746362,0.769,0.741,0.889,0.556,0.625,0.875,-1.2803019,39.5591102
2.07624865958517,0.0424160767423726,1.10300101686245,0.615,0.407,0.444,0.333,0.583,0.75,-2.19895,43.29411
2.29420694755671,0.844184833341306,-0.405072538602127,0.231,0.63,0.444,0.222,0.333,0.625,-2.4738,42.35587
0.366661375242161,-1.88946987554906,-0.247174313875747,0.769,0.63,0.444,0.667,0.583,0.875,-4.69420286,41.71991512
0.201705293615773,-1.65937323569034,0.0296669509293147,0.462,0.333,0.556,0.556,0.375,0.875,-8.64790284,42.21207422
1.78179430123415,1.54713509556403,-1.10686822255194,0.538,0.37,0.444,0.556,0.292,0.75,-3.70177,40.43293
0.864908198067145,-0.748641496978938,-0.0333692900834116,0.769,0.444,0.444,0.667,0.583,0.875,-0.97369191,39.7255024
2.9942645235359,4.49747267706149,0.530988537723722,0.462,0.333,0.444,0.444,0.5,0.875,-6.39799,38.39593
2.92387106852057,4.18442618516805,-3.19698375694977,0.846,0.815,0.778,0.667,0.708,0.875,-2.61569,42.51383
0.883503881355158,0.0642408189670811,-0.38228872837415,0.538,0.444,0.111,0.667,0.417,0.875,-1.89083,42.23294
1.6800045540418,1.50216068225878,-0.0066302713570579,0.769,0.778,0.778,0.444,0.667,0.875,-2.68481,42.56695
0.84840646073031,-0.191930514598471,0.33552095102048,0.769,0.519,0.778,0.556,0.625,1.0,-1.25688767,38.36972434
3.11984310662017,3.48803085866316,-0.870724098116701,0.769,0.444,0.667,0.667,0.542,0.875,-1.693059,41.318633
0.77914953137948,0.078350171598157,0.0453789445380871,0.462,0.259,0.333,0.111,0.292,0.5,-6.36064,36.62234
2.10066846585477,-1.14563843437758,0.450224483847143,0.692,0.481,0.667,0.667,0.708,0.875,-0.92304703,38.57886289
1.75124509004289,-1.10887004197817,0.13786471502971,0.769,0.481,0.444,0.667,0.625,1.0,-2.58600623,42.5585806
1.67861198298885,-1.36039862008411,0.484875843121283,0.538,0.37,0.111,0.556,0.5,0.5,1.97121783,41.8633943
1.47729877188258,-0.467609088109719,0.873264373030227,0.385,0.0,0.111,0.111,0.083,0.375,-4.65238,37.51033
1.0594481850934,1.30939655280874,0.417127869531404,0.231,0.148,0.111,0.111,0.0,0.25,2.06642,41.36599
1.0957545071959,-0.435434866192266,0.703356694744107,0.538,0.37,0.333,0.444,0.417,0.75,-2.57829,42.54938
1.8592970599635,-1.23565786284032,0.550241606491399,0.231,0.111,0.222,0.222,0.167,0.625,-2.78517,39.28597
1.60649142546269,1.86007203761487,-0.764914767599439,0.231,0.148,0.0,0.222,0.25,0.125,-2.19279,42.57025
1.16798095407065,-1.18821090257271,0.325091181826612,0.462,0.185,0.222,0.444,0.333,0.375,-5.58475,42.58613
1.78993836544903,-1.30064730750252,0.579755498324943,0.615,0.444,0.333,0.667,0.583,0.75,-4.15978,41.64069
0.396275342547384,-0.344999566191562,-0.119338027135129,0.769,0.704,0.778,0.778,0.5,0.75,-1.15258,39.51833
1.49731176915301,1.28435458927682,-0.610996251248527,0.769,0.852,0.889,0.667,0.667,0.875,-3.6980329,41.5752405
0.272762196319732,-0.581544017211677,-0.0888714259204862,0.846,0.778,0.778,0.556,0.75,0.875,1.72123979,41.3847573
0.960917929678582,0.330476877065727,0.555833843573655,0.308,0.296,0.444,0.667,0.375,0.75,-2.43404,42.49873
0.32185579772583,-0.512534755209684,-0.220277329940065,0.769,0.741,0.667,0.556,0.708,0.875,-7.43852001,42.38453845
0.709290463777955,0.530890061655442,0.168035241807641,1.0,0.741,0.889,0.556,0.75,0.75,2.17425,41.38586
1.23857628330932,1.04250073384509,-0.0542833584383636,0.385,0.074,0.111,0.222,0.167,0.5,-2.81036,42.36795
0.364234722436509,0.462137373247472,-0.391916039025565,0.615,0.296,0.222,0.444,0.333,0.5,-2.58622,42.55914
-0.188524963966332,-1.26334874495548,-0.873089944143793,0.923,0.407,0.556,0.444,0.542,0.75,1.205585,41.406645
1.13514622255148,-0.0840426862333093,-0.302524589002601,0.692,0.63,0.889,0.667,0.667,1.0,-4.0991923,41.6399441
0.845984349353458,1.3391809484595,0.338104236004889,0.538,0.63,0.444,0.778,0.667,0.75,-1.15301,39.51811
0.806407971619755,0.0733728326291868,0.211687632832749,0.462,0.222,0.444,0.333,0.25,0.75,-2.89406,43.24991
1.48627898786174,0.113349322126943,0.900273054025508,0.692,0.593,0.778,0.667,0.75,0.875,-5.4019571,42.1344839
0.72911024740256,1.39616439927889,-0.103789067075065,0.462,0.519,0.222,0.444,0.417,0.75,-6.14316,36.68903
-0.183740715121156,0.088507739873205,0.191667277196975,0.923,0.704,1.0,0.667,0.792,1.0,1.33921,41.26741
0.788172753776843,-0.528307227104742,-0.0147618861116446,0.923,0.852,0.667,1.0,0.792,0.875,-2.9459867,42.5118917
0.438347552573558,-0.306032239676995,0.123252492092514,0.769,0.889,0.667,0.667,0.708,0.875,1.6422209,41.6068791
0.692377143322783,-0.518525579686129,-0.0689764184308588,0.769,0.444,0.333,0.667,0.542,0.625,-2.19687565,39.366475
0.812109036359838,-0.0676565552486611,0.354772534966279,0.615,0.667,0.444,0.667,0.542,0.75,-6.13589,36.69315
0.884885925075643,-0.567420173000693,-2.69962103670872,0.462,0.333,0.333,0.667,0.375,0.875,-2.12387,42.40326
1.85839638019255,3.06214129281476,-3.22308104381477,0.308,0.259,0.222,0.333,0.292,0.125,-1.8880546,42.2295873
0.941754680267398,1.92536249385027,0.390462992526192,0.692,0.333,0.444,0.556,0.417,0.625,1.78463,41.42874
0.65140468726667,0.0436890658326816,-0.223585107995448,0.846,0.593,0.444,0.667,0.667,0.75,-4.1227931,41.5975136
1.27846727461906,0.644130470600879,-0.233303828322002,0.846,0.667,0.778,0.667,0.667,0.75,-2.8270961,42.53960942
1.35781823400687,1.95385710068375,-0.39871055545885,0.692,0.481,0.556,0.444,0.458,0.75,-8.77054996,42.49851661
0.464579603108592,-0.6111937130074,-0.0343294013188811,0.692,0.593,0.444,0.778,0.5,0.875,-6.46529,42.62003
0.78939489924619,-0.88765008271747,0.685949745879371,0.846,0.481,0.778,0.556,0.625,0.875,-7.63984,42.58385
1.98061662155193,1.36946131186573,0.19141371868414,0.615,0.296,0.556,0.556,0.5,0.875,-2.66465,42.54564
0.0779531826041027,0.40874447865616,0.416788011390233,0.615,0.556,0.444,0.556,0.417,0.875,1.61013292,41.29830862
0.542481386935531,-0.25866170231788,0.684210677134051,0.846,0.63,0.778,0.667,0.667,1.0,-5.38964,39.38392
0.0784163312503156,0.0202741270380929,-0.252903873472759,0.615,0.222,0.444,0.556,0.167,0.75,-1.3235508,41.3971069
-1.22237590997551,-3.02193910589298,-0.97860592630093,0.692,0.519,0.444,0.667,0.5,0.875,-2.48760349,42.3345725
0.64420110019868,0.656501013080681,0.407978360882954,0.462,0.222,0.333,0.556,0.333,0.625,-4.90626238,41.4320049
1.5330878345212,0.94724114728339,-0.611723165286692,0.231,0.111,0.444,0.444,0.292,0.625,-4.11976,41.59982
0.819149476773796,-0.201170861628987,1.15256189824845,0.769,0.593,0.556,0.444,0.542,0.75,2.9999085,42.3595501
0.166701584386202,1.29142849991811,0.499691798305887,0.615,0.333,0.444,0.667,0.417,0.875,-6.54191,37.34148
0.0770577778351199,-0.838723210919981,0.791570730561594,0.769,0.444,0.667,1.0,0.5,0.875,-3.395079,38.830235
2.0759394399244,4.83594824137612,-0.567694372485015,0.615,0.259,0.333,0.556,0.333,0.75,-8.81381,42.51944
0.798406847455827,2.54244544228473,-0.919505471279188,0.846,0.444,0.333,0.556,0.5,0.875,2.91969,42.37546
0.141740289938123,0.584616202124715,-0.812732095546184,0.769,0.852,0.889,0.667,0.667,1.0,-8.76901629,42.43201614
0.474776779688193,-1.23783867789748,0.382760961520174,0.846,0.741,0.778,0.778,0.75,0.875,2.5472369,39.52718195
0.59875763071964,-0.499643977879955,0.181083716616494,0.846,0.519,0.667,0.556,0.458,0.875,-2.678982,43.304121
0.196268653208015,0.462081167662675,-0.0410614925484843,0.462,0.593,0.667,0.556,0.583,0.875,1.89921129,41.45050089
0.0235549989872558,-3.01224577453124,-1.16061755932152,0.769,0.741,0.111,0.111,0.5,0.625,3.985291,39.0319997
0.502808663960633,1.19135018797418,0.661493778290914,0.462,0.444,0.333,0.556,0.333,0.75,-5.61511,42.41819
0.640149155574922,-0.556685583170459,0.722452382373998,0.385,0.333,0.333,0.333,0.333,0.375,-6.13044,36.69762
0.374357401904182,0.655320313133842,-1.46920501612384,0.692,0.259,0.222,0.444,0.583,0.75,-1.7531859,42.1760866
0.632493791132858,0.269614962768924,0.0744324099397572,0.692,0.519,0.333,0.444,0.542,0.75,-3.68924298,41.6715507
-0.436078453100448,-0.888048923054814,0.27030720956668,0.077,0.074,0.222,0.333,0.167,0.5,-1.93582,42.33468
1.65641503974813,3.60920613053163,-2.41922595587465,0.769,0.63,0.778,0.667,0.667,0.875,-2.665437,42.5470187
1.30676270924879,0.91789984829652,-0.177213991296258,0.385,0.222,0.333,0.444,0.333,0.25,-3.68957,40.43716
-0.147023969201576,-0.869329312270793,0.134749164699028,0.692,0.444,0.333,0.667,0.542,0.625,-3.875112,41.740559
0.303946416902598,1.70556957881859,0.454431217397357,0.769,0.593,0.556,0.667,0.583,1.0,0.365275,41.111611
0.382664967596814,1.48541405913915,-0.946353934933695,0.308,0.333,0.111,0.444,0.292,0.75,-8.80348476,42.48667124
-0.355449223778732,0.151642717911423,0.0106152812382645,0.615,0.481,0.444,0.667,0.542,0.75,-1.47117,39.28884
0.155173077816472,1.15771810096452,0.287196564084687,0.231,0.074,0.111,0.333,0.125,0.375,-8.77678755,42.43904561
0.102348859165856,-0.366000210908129,0.317812038165306,0.846,0.704,0.889,0.667,0.583,0.875,-4.47441,36.67202
1.06707356021942,-0.71582415274694,0.206360600169595,0.692,0.37,0.556,0.667,0.417,0.75,-2.6158988,42.5142511
0.836206898875198,2.24484272296717,-0.218139899541691,0.385,0.222,0.222,0.444,0.417,0.625,-2.61723872,42.5142073
0.105249566776744,-0.211495998967082,0.656203504252044,0.923,0.519,0.667,0.556,0.5,0.875,3.06345,42.34524
0.338654959919926,1.01213060877433,-0.290481695544134,0.769,0.593,0.778,0.444,0.542,0.875,-1.82399803,43.34965312
0.113411158329299,-0.476235686013741,0.514196165144128,0.538,0.444,0.333,0.667,0.417,0.625,-3.08866754,40.9474113
0.0120958841273753,0.271401788727121,1.09643090900292,0.538,0.222,0.333,0.444,0.333,0.875,-6.5966,37.30539
-0.0174842956232363,0.107236158125787,-0.278670550492962,0.615,0.519,0.889,0.556,0.5,0.75,-3.81761,39.02066
2.01877901522049,4.28538569598856,-3.27688572660502,0.385,0.259,0.111,0.333,0.333,0.625,-2.0847845,42.6463063
-0.387202608508782,0.0706692207660695,-0.105926269805281,0.308,0.481,0.222,0.444,0.417,0.625,-2.56333,42.4657
0.989653350765331,-1.1635431243378,1.13589313614308,0.538,0.333,0.333,0.333,0.333,0.75,-6.36013,36.77655
3.50131273068936,-0.455685063087012,-1.17988179332996,0.846,0.63,0.667,0.778,0.833,1.0,-2.43597,42.504668
-0.0742148998311436,0.576034902524058,-0.416828625226094,0.923,0.667,0.778,0.667,0.75,0.875,-1.97298,42.30758
0.49121722744391,2.32863246795701,-0.374764001469581,0.615,0.37,0.222,0.444,0.417,0.875,-4.76577121,41.74347881
0.166372860485824,-0.549898233089848,-0.791407964677495,0.846,0.63,0.667,0.778,0.833,1.0,-2.43597,42.504668
0.52820876337905,1.45721455269382,-0.832986230747648,0.154,0.037,0.111,0.333,0.083,0.25,-5.39464249,41.5199096
-0.292635365656549,0.807331762373705,-0.280347372198354,0.154,0.037,0.111,0.222,0.042,0.125,-7.770044,42.61008
0.161916400924622,0.764967703104973,0.156154750106292,0.692,0.259,0.222,0.444,0.583,0.75,-4.41881321,41.61287529
0.175882090320756,0.776053362479109,0.0575045182347421,0.692,0.259,0.222,0.444,0.583,0.75,-6.68478,42.64158
-0.0069309364469567,-1.4779205158967,0.407916390464195,0.538,0.37,0.333,0.667,0.458,0.75,-1.1112451,38.84384835
0.210056748582463,0.840949962940243,1.46401829076076,0.769,0.333,0.444,0.667,0.417,0.75,-5.1654186,36.737259
-0.226619093016157,0.295974853680935,0.0564658429567265,0.538,0.556,0.444,0.556,0.458,0.75,1.72488608,41.37094597
-0.75431093689245,-0.786546719955299,-1.4008343140655,0.385,0.259,0.333,0.444,0.375,0.75,-4.90777,41.4135
-0.661125328431875,-0.946004443034468,-0.307705154748366,0.615,0.667,0.556,0.556,0.875,1.0,-5.86023,38.95451
-0.547000137152418,0.111275740172431,-0.17601926381934,0.538,0.333,0.111,0.556,0.292,0.5,-3.64080598,41.5915137
-0.0523540577996192,-0.561048385428756,0.0694104646622864,0.385,0.556,0.889,0.444,0.625,0.875,0.90032828,42.1851305
-0.232137483168982,-0.301603259451315,0.165345837379513,0.538,0.148,0.444,0.444,0.292,0.625,-3.02878,39.16721
0.632000624011327,0.779402112924744,-1.1838927368949,0.846,0.593,0.889,0.667,0.792,0.875,-2.7582617,42.5622341
-0.0608873743782934,1.52329897878904,-0.880698181106708,0.0,0.0,0.0,0.0,0.0,0.0,1.71939182,41.37558088
-0.127137032739001,0.52487568900255,-0.726189257832704,0.615,0.407,0.556,0.444,0.542,0.875,-2.57596,42.49195
-0.621493518386582,-0.609688246144193,0.202385491778798,0.692,0.481,0.556,0.667,0.458,0.875,-8.33649,42.11749
-0.363425220620245,0.419269714039638,0.501086684612071,0.692,0.37,0.556,0.556,0.333,0.75,-8.05571125,42.32114006
-0.620620385359448,-0.0705806425031216,-0.238503111072432,0.846,0.63,0.667,0.778,0.833,1.0,-2.43597,42.504668
-0.710494562785769,0.202703561324073,-0.168366290406773,0.846,0.741,0.667,0.556,0.542,0.625,1.65174355,41.4141603
-0.247614155071462,-0.235846548926683,0.603223507047532,0.308,0.259,0.222,0.333,0.375,0.375,-5.39464249,41.5199096
0.0320318058915389,0.339411930336856,-0.327770988631772,0.615,0.63,0.444,0.444,0.458,0.875,-2.8307543,42.6012036
-0.174906606721683,0.644709346016038,-0.454584195403763,0.692,0.556,0.556,0.667,0.458,0.875,-2.82164547,42.5502833
-0.235996343180377,-0.133578072985677,0.210482961769068,0.538,0.444,0.222,0.556,0.417,0.625,-2.32441,42.40289
-0.120903173001826,0.817989659528679,-0.0057250873729269,0.615,0.37,0.444,0.333,0.542,0.75,1.765339,41.416741
0.739183433956705,4.25589880344349,0.935840846754635,0.538,0.481,0.667,0.444,0.542,0.875,-0.124405,38.586233
-0.363973171017523,-0.658120241831162,0.593755438932265,1.0,0.741,1.0,0.667,0.75,0.875,-16.479977,28.424756
0.127964198216367,0.6409980712715,-0.291696206938325,0.538,0.481,0.444,0.556,0.458,0.75,-3.93508675,41.755933
-1.38016259780201,-2.33357541755238,-0.477505478288724,0.385,0.37,0.222,0.556,0.333,0.75,-5.3939824,41.5216963
-0.239239865316547,0.0568233016410096,0.236775669959113,0.385,0.333,0.222,0.667,0.458,0.75,-7.00436,42.41875
0.0509755109627081,1.98429123661267,0.329901569205224,0.308,0.37,0.111,0.556,0.208,0.625,0.22401484,42.13909409
-0.148591366278402,0.719456610268471,-0.0742126744932549,0.769,0.519,0.667,0.556,0.542,0.75,-2.68068,42.52807
-0.44774615995641,0.119210521415174,0.289572282441426,0.692,0.519,0.778,0.556,0.667,0.875,0.7058078,41.1629799
-1.56887393881934,-2.61137409355557,-1.3604438611881,1.0,0.963,0.889,0.556,0.708,1.0,2.01709,41.31198
-0.380647727517442,0.400527721169006,-0.451448850999357,0.692,0.185,0.111,0.556,0.542,0.75,-5.28461,41.48071
-0.145070156651488,-0.138571968643053,0.229753506810218,0.692,0.593,0.556,0.556,0.542,0.875,0.7676936,41.15370815
-0.142806899314064,1.1856792664849,-0.127103885600859,0.692,0.741,0.667,0.667,0.625,1.0,0.31105383,41.09339247
-1.00454135985532,-1.61189444169836,-1.54015882897999,0.846,0.667,0.778,0.889,0.708,0.875,-8.731,42.5768
-0.975831421926746,-1.98912373627423,-0.558763654114839,0.538,0.333,0.556,0.667,0.417,0.625,0.81316729,41.16138502
-0.672125364658179,0.197448299780492,0.0313495223974467,0.385,0.296,0.444,0.333,0.375,0.625,-8.768066,42.516101
-0.483365948831787,-0.240144944324965,0.0338566738960995,0.846,0.519,0.778,0.444,0.625,1.0,1.78177,41.42468
0.0169232028005858,1.48772822132305,0.520752438739155,0.538,0.185,0.111,0.222,0.25,0.875,-3.38048,38.76496
-0.577799365732522,0.650034222878288,-0.539386327147188,0.462,0.185,0.444,0.333,0.333,0.75,-8.40826,43.3569
-0.13364916741422,0.824341344048739,0.0622509383489832,0.846,0.63,0.444,0.556,0.458,0.625,-3.8238304,41.77796016
-0.44075827072225,0.32505752592381,-0.231834332363084,0.615,0.407,0.556,0.333,0.542,0.75,-2.98221,42.98562
-0.264893046346747,-0.135696111231418,0.565981885283008,0.385,0.333,0.444,0.333,0.417,0.625,0.85662854,41.18836077
0.116329638063874,1.62176154070259,-1.03013507872937,0.615,0.148,0.111,0.333,0.125,0.5,-3.887752,41.759285
-0.216237648629833,-0.269667679628308,0.32280838860014,0.846,0.63,0.778,0.667,0.708,0.875,-6.74982703,42.60581424
-0.0446101225380309,0.816027791202963,0.188918801128364,0.846,0.481,0.333,0.556,0.667,0.875,-13.63814,28.93073
-0.975131329287244,-0.270732880519696,0.102626106674621,0.385,0.37,0.333,0.556,0.417,0.375,-6.71644229,42.63284214
-0.41243035653964,0.372853650058617,-0.456644297326992,0.538,0.519,0.222,0.556,0.167,0.875,-1.31961,38.4749
-0.587686517951446,0.37243820715335,0.283841989081132,0.385,0.704,0.778,0.444,0.542,0.875,1.73113,41.44647
0.159910571774455,2.15570390657787,-1.64524303218976,0.692,0.556,0.778,1.0,0.708,0.875,-4.11631,41.59603
-0.511920631517695,0.491109789211594,-0.298427310945713,0.231,0.296,0.222,0.444,0.417,0.375,1.79068,41.42235
-0.333181710249,0.754307613350091,-0.577350706966221,0.615,0.63,1.0,0.667,0.625,0.875,-4.36519,41.6325
-1.00527453738199,-0.376238408725908,-0.269331199218496,0.385,0.37,0.333,0.556,0.208,0.875,-8.52449755,42.09812761
-0.535886568301434,0.0757315565170789,0.849402460727259,0.231,0.259,0.222,0.556,0.375,0.625,-8.42532,42.7805
-0.723167387986574,0.279688043254501,0.073919152354997,0.615,0.333,0.667,0.556,0.542,0.75,-8.72493650777478,42.4996133
-0.230062872933113,0.138954525852674,0.191849875834544,0.462,0.37,0.556,0.556,0.417,0.75,-0.93083,37.63651
-0.287124198254824,1.99896413301044,0.699288497933267,0.462,0.074,0.333,0.444,0.292,0.75,1.1620703,41.3762309
-0.876227182778389,-0.265114435144895,0.761349221015684,0.385,0.111,0.222,0.667,0.208,0.5,-6.5954467,42.60515705
1.30920059942305,4.04467221165083,-2.87572698166249,0.231,0.0,0.0,0.222,0.083,0.25,-4.92139762,41.3008521
-0.207031360987046,0.845325577291165,-0.536502470505189,0.538,0.259,0.444,0.667,0.375,1.0,-1.88871,42.23122
-0.399519131909076,0.425676654993285,-0.24558821778306,0.615,0.444,0.667,0.667,0.375,0.875,-0.71027779,41.20902738
-0.362064552754614,0.0362871054685577,-0.010907942383024,0.308,0.333,0.111,0.444,0.458,0.5,1.16268,41.37508
-0.126864986940189,-0.184496072815445,-0.185302648664155,0.538,0.704,0.222,0.556,0.417,0.75,-3.67265,40.44232
-0.437638387555472,0.290015484729072,0.91739471200848,0.923,0.481,0.556,0.444,0.5,0.75,-7.58816,42.46172
-0.876459011381918,-0.353376528570785,0.353048000839572,0.385,0.222,0.222,0.333,0.25,0.75,-5.67486,42.00117
-0.55266278362932,-1.78833090036381,-0.731901123542066,0.385,0.444,0.444,0.444,0.708,0.75,4.1397673,39.9337077
-0.884151929519602,0.480896081049393,0.426724226200258,0.846,0.407,0.667,0.667,0.458,0.75,1.79062,41.42217
-0.73196580813126,-0.0013924721000759,0.381532483249126,0.231,0.222,0.111,0.222,0.125,0.75,-3.67893,40.45437
-0.745261080162864,0.395953641436481,0.119914063030332,0.846,0.593,0.556,0.556,0.625,0.875,1.6851867,41.6650217
-0.906332016566341,0.262453638784005,0.0772869468287108,0.308,0.481,0.444,0.556,0.375,0.625,-8.76023,42.60781
-0.599908564088819,0.975535955633794,-0.383522178400523,0.231,0.037,0.0,0.111,0.083,0.125,-2.67599,42.53071
-0.715088018453169,-0.116544601124826,-0.332228366668717,0.769,0.63,0.667,0.667,0.542,0.875,-1.74820074,42.1744607
-0.873574698106363,-0.281144452598311,0.45236956720971,0.231,0.259,0.333,0.667,0.292,0.5,0.27779,40.95657
1.86726939494529,-0.0714691723826425,0.630157905355546,0.769,0.481,0.444,0.444,0.417,0.875,-3.71004,38.88958
-0.903889725699913,-1.1488040237378,-0.407138646908434,0.462,0.296,0.444,0.333,0.25,0.5,-6.1243458,38.7899533
-1.17477951522679,-0.996019411091455,-0.0733710960496869,0.385,0.222,0.444,0.556,0.458,0.5,-4.08747233,41.59430108
0.482097577962854,2.57632523566524,-0.908261107788124,0.538,0.37,0.222,0.556,0.25,0.75,-3.9848011,41.6669494
-0.623752479820897,0.496838218367786,-0.30840553507305,0.308,0.296,0.444,0.556,0.333,0.875,-2.21999,43.30458
-0.716805658593927,-0.30380811748836,0.255766967325163,0.538,0.37,0.667,0.444,0.333,0.75,-0.87571,38.64726
-0.29404559819796,1.04182661488561,-0.87063472166791,0.538,0.259,0.444,0.556,0.375,0.75,-2.44045,42.4941
-0.655722534978997,0.591386956367324,-0.23417414108786,0.385,0.296,0.222,0.444,0.292,0.75,-6.12612,36.71057
-0.293706814782787,0.806045817903981,-0.631192550539135,0.769,0.37,0.333,0.333,0.25,0.75,-2.54369,43.13194
-0.689721919244227,-0.0300288248409569,-0.408750524866315,0.923,0.407,0.333,0.444,0.417,0.75,-2.6263385,42.4042098
-0.0415936323782577,-0.274016367934797,0.819169405071268,0.615,0.519,0.444,0.556,0.417,0.875,-2.7592,42.56228
-0.611749405698921,1.04027800524101,0.0494286270219815,0.538,0.333,0.333,0.667,0.5,0.875,-1.44216,38.96294
-1.42422493465731,-0.841102230193993,-0.163067865514365,0.923,0.815,0.667,0.778,0.583,0.875,-3.82369,41.78038
-0.370019367733868,0.563752842434557,-0.205570634845347,0.538,0.407,0.444,0.333,0.458,0.75,-3.64504,40.50045
-0.877308978634717,0.559359188341557,-0.993157157625714,0.308,0.074,0.222,0.444,0.375,0.5,-0.37603,39.47059
-0.593261951227167,0.123880853972313,-0.0322395571038496,0.385,0.185,0.444,0.667,0.292,0.75,-1.8965,42.22402
-0.668118487534879,0.909760297811596,1.03008844943863,0.308,0.333,0.333,0.556,0.583,0.875,-4.42707008,41.08012866
-0.842356944902809,0.222336603971389,-0.30849155325077,0.769,0.63,0.444,0.667,0.583,0.875,-3.8752323,41.7402299
-0.487255842010125,0.689045965359788,-0.190465405672489,0.615,0.148,0.111,0.333,0.208,0.5,-5.28802,41.47773
0.0796359062845309,2.76008751749659,0.81121288859109,0.385,0.259,0.333,0.444,0.25,0.5,-16.3486,28.52356
-1.07642854309879,-0.922026771686526,0.0918104117124876,0.769,0.667,0.778,0.556,0.625,0.75,-16.405826,28.498481
-0.886987894542844,0.238202127528279,-0.106148175213188,0.538,0.333,0.556,0.333,0.458,0.875,-2.79644,42.58909
-0.652886024227672,1.19068505122584,0.0412956458917861,0.692,0.519,0.222,0.444,0.375,0.625,-7.62328355,42.5057876
-0.666330980718526,-0.020747751322417,0.0867227200790314,0.308,0.111,0.333,0.444,0.375,0.5,2.63974,39.57389
-0.600329256667505,0.972758076338408,-0.596568337884725,0.154,0.185,0.333,0.111,0.125,0.25,-2.09243,42.31915
-0.177219036006174,1.62942285668527,-0.415659063233113,0.692,0.667,0.556,0.556,0.625,0.75,-2.79904,43.43383
-1.39399111034983,-1.63827801487988,-0.0756428902906469,0.769,0.481,0.778,0.889,0.75,1.0,-0.8401453,38.4332639
0.47601263292041,-1.5752852191448,0.2206299832047,0.538,0.333,0.222,0.222,0.583,0.625,-3.71395,40.4237
-1.12691539356806,-0.173207691278528,0.241854232766891,0.538,0.556,0.556,0.556,0.5,0.625,-6.51952885,42.53702
-0.709497650430992,0.498325325226258,-0.284472012458208,0.308,0.111,0.222,0.444,0.25,0.375,-7.45859865,41.94795471
-1.65178487357844,-2.46120386144391,-0.156848002848026,0.462,0.519,0.333,0.333,0.542,0.875,-5.708548,36.695035
-1.08179299942244,0.734412658831601,0.55558262803521,0.462,0.444,0.778,0.778,0.375,0.75,-3.43764,39.97978
0.545072858989124,3.51512757443136,-1.68353310455789,0.231,0.296,0.333,0.444,0.417,0.75,1.75363724,41.40365667
-1.00865807462775,-0.396360775734363,0.548186372361789,0.769,0.556,0.778,0.556,0.583,0.875,-7.73227237,42.59347104
-0.50915669814293,1.45234109980673,0.328106813324434,0.615,0.333,0.556,0.556,0.458,0.75,-4.36318,41.62517
-1.89485358594727,-2.09433574698356,-0.393097945138006,0.692,0.333,0.556,0.556,0.542,0.75,-8.40542,43.36425
-0.245088106868978,1.53865436943168,0.269993258541587,0.154,0.074,0.222,0.667,0.208,0.625,-2.78668,42.54273
-1.1239673411368,-0.511615935859988,-0.158331232644027,0.615,0.519,0.444,0.556,0.417,0.875,-4.9597533,41.4129785
0.205034921933705,2.96484358151984,0.858287045156674,0.538,0.63,0.222,0.556,0.5,0.875,-13.69105,29.04754
-0.71672114639386,0.97008586656611,-0.208572580286877,0.538,0.556,0.333,0.556,0.417,0.625,-0.4148508,42.1436594
-1.17540984172155,-0.254310844408741,0.0361247266389333,0.385,0.296,0.444,0.556,0.292,0.875,-8.80405,42.45511
-0.747318742267777,0.992961416672118,-0.696147915407697,0.077,0.0,0.111,0.111,0.042,0.25,-1.3188497,38.5033147
-1.50848891330775,-1.03876697610033,0.0500151469151988,0.769,0.37,0.556,0.667,0.625,0.75,-3.67862,40.3918
-1.21212719152996,-0.718721663204695,-0.0576912538824442,0.615,0.407,0.444,0.667,0.5,0.875,-6.7056,42.56506
-0.656911562702973,1.10212407969945,-0.641303558493302,0.692,0.481,0.556,0.444,0.583,1.0,1.62309078,41.38457687
-0.145183121625042,1.74548476486599,-1.16866165849452,0.231,0.222,0.111,0.111,0.25,0.25,0.8555,41.18818
-1.72804345552694,-1.84848328032446,-0.235876716069295,0.769,0.593,0.556,0.667,0.667,0.75,-1.21884,41.34359
-0.912802098423329,0.160254347816837,-0.760982482120279,0.846,0.63,0.667,0.778,0.833,1.0,-2.43597,42.504668
-1.16778087499714,-1.07479123934667,-0.401584641244288,0.692,0.444,0.333,0.778,0.458,0.75,-3.35368,39.368
-0.634347926668451,-0.293962332713481,0.472690962670266,0.615,0.444,0.556,0.444,0.458,0.875,-3.69036,40.4184
-0.0508086539251045,1.45390048312543,-1.50748271000579,0.692,0.259,0.333,0.444,0.333,0.625,-1.89150969,42.23326808
-1.09796894369979,0.542154287831305,0.427348693189825,0.462,0.444,0.444,0.333,0.583,0.625,-1.85722,38.98952
1.24922456422166,4.07208322298916,-2.57626776830478,0.769,0.63,0.778,0.667,0.667,0.875,-2.66475,42.54636
-0.858438864972612,1.14025402864631,0.98612070896555,0.462,0.407,0.111,0.444,0.333,0.625,-1.10163,39.48455
-0.985796534939817,-0.553091372092647,0.198558480415105,0.846,0.778,0.444,0.444,0.542,1.0,-2.6852289,42.5011722
-0.349386321096435,1.51232610624514,-0.620070789030106,0.538,0.481,0.444,0.556,0.375,0.75,-4.3654,41.63551
-1.09057308050832,-1.00524485778513,0.0859450343968838,0.538,0.37,0.667,0.444,0.458,0.625,-1.21959697,41.34032988
-0.651046881498964,-0.61035777054943,0.35345994364322,0.769,0.63,0.778,0.667,0.667,0.875,-2.66601,42.54508
-1.57113064769241,-2.32978603353994,-0.166177018518595,0.538,0.444,0.556,0.778,0.417,0.5,-4.73638,41.65773
-0.878008367157393,0.678899764286541,0.367854710773028,0.923,0.593,0.333,0.444,0.458,0.875,1.58799057,41.4365047
0.0668945349103395,2.77023032523091,-1.26721909229472,0.308,0.296,0.444,0.667,0.375,0.75,-2.43363,42.49939
-1.06962565473158,0.569597533688451,0.23663202877819,0.462,0.333,0.556,0.556,0.375,0.875,-8.2764708,42.1617807
-0.555465469822802,-2.06143908648092,0.304045095389314,0.846,0.407,0.444,0.556,0.583,0.625,2.915737,39.6843
-0.897279706899472,-0.270581408896008,0.0689994448692089,0.615,0.444,0.333,0.778,0.458,0.75,-3.1098818,36.8863182
-0.964361697329386,0.997970791714446,0.349395549253402,0.769,0.556,0.444,0.556,0.458,0.625,-8.81825524,42.4356848
0.0518580964691584,0.0098532257330489,-0.63343485670149,0.846,0.667,0.556,0.667,0.583,0.875,-1.89044,42.30338
-0.892439634349199,0.16291481696507,-0.0792719912255231,0.769,0.704,0.778,0.556,0.667,0.875,-3.686687,41.726664
-1.37819963698137,-0.954223795333159,0.247373173027483,0.308,0.148,0.222,0.333,0.208,0.625,-2.44415,42.46436
-1.84718762963015,-1.51662491496416,-1.0142745993248,0.462,0.148,0.111,0.333,0.208,0.625,-6.76565,42.59511
-1.06252409366146,0.367569537046529,0.074306966357217,0.769,0.667,0.556,0.444,0.667,0.875,1.70621068,41.39267676
-0.122607514468464,-0.976009443181646,0.277986686610823,0.538,0.37,0.444,0.444,0.583,0.875,2.6208176,39.6368371
-1.72230419340253,-1.5038720974151,-0.502734371211612,0.769,0.593,0.333,0.667,0.542,0.875,-2.9602984,42.5885996
-0.80379995506891,-0.276676387162441,-0.457837479803407,0.615,0.37,0.778,0.444,0.417,0.625,-2.93788255,42.60220583
-0.538380220063911,-1.1734865428708,0.486704697629423,0.538,0.556,0.333,0.444,0.458,0.875,4.25816,39.85242
-1.13641114716919,0.227463221828004,0.458220467693911,0.462,0.778,0.556,0.444,0.667,0.875,2.96435,42.25735
-0.886564034858743,0.160544014047671,0.309414033430273,0.231,0.259,0.222,0.222,0.25,0.25,0.91542924,41.3677677
-1.05001407018975,-0.334432481311515,0.583974678059144,0.538,0.37,0.778,0.556,0.458,0.875,1.72755392,41.42170164
-1.54835751556988,-0.82535941541153,-1.48079851373347,0.385,0.185,0.333,0.444,0.333,0.625,-2.71233463,42.5698059
-0.517209895513271,0.636880739182388,-0.014237060290414,0.308,0.037,0.333,0.111,0.042,0.25,-4.11931,41.59582
-0.982377006922033,0.328953952736218,0.0250559057048589,0.154,0.444,0.444,0.444,0.375,0.625,-2.61818,42.51605
-0.690237113662659,0.97395119637369,-0.418621569352158,0.308,0.111,0.222,0.222,0.125,0.375,-2.75185,42.49955
-1.50268954151224,-0.943845073917068,-0.0892318889208478,0.385,0.333,0.333,0.444,0.292,0.75,-6.12777216,36.67765495
-0.97595867997671,0.703150594825734,0.250294402472185,0.385,0.444,0.333,0.444,0.625,0.875,1.79009,41.42449
-1.07959771055049,0.457149140313789,0.0643382962649113,0.154,0.0,0.0,0.333,0.125,0.125,-1.22111421,41.34074632
-1.46659481455446,-0.752858158705929,-0.196748601855647,0.308,0.037,0.222,0.222,0.042,0.375,-4.9629727,41.4135854
-0.959178043556443,0.768821388036664,-0.113275389382165,0.385,0.333,0.111,0.444,0.333,0.375,1.65045,41.41487
-1.16960662383613,-0.068619866015641,0.212434321013491,0.385,0.444,0.556,0.556,0.542,0.75,-6.13993,36.67895
-1.05870276403032,-1.04564151248326,-2.5614345580903,0.692,0.519,0.444,0.667,0.542,0.875,-2.7587262,42.5624217
-0.877949590592302,-0.192971676778352,0.210798736361902,0.462,0.296,0.333,0.556,0.458,0.75,-2.56191,42.46766
-1.7056529734542,-1.2724280373607,-0.721105639498447,0.385,0.444,0.444,0.444,0.25,0.875,-1.78891,42.11507
-1.04623334106201,-0.383216999126455,0.337202455662599,0.692,0.519,0.444,0.444,0.583,0.875,-2.79688223,39.29990429
-1.17090629026669,0.0835313876114908,0.128940585649087,0.308,0.259,0.111,0.333,0.333,0.625,-0.4156,39.52814
-1.1990640183035,0.337496242037149,0.633407764156603,0.231,0.148,0.333,0.556,0.208,0.375,-6.52084767,43.21435713
-1.03754056701255,0.633985586652561,-0.108194802003298,0.308,0.37,0.111,0.556,0.25,0.375,-4.55847612,37.5272138
-0.807480134611657,1.29574120455473,-0.248889571330206,0.385,0.296,0.222,0.444,0.292,0.75,-8.74031091,42.51870164
-0.913001373909087,0.906101820962727,-0.140321476268793,0.615,0.259,0.222,0.333,0.333,0.75,-6.8126946,42.69528203
-1.50639485238352,-0.807760392826734,-0.0154645757374533,0.769,0.407,0.667,0.556,0.458,0.75,-2.93404,43.25975
-1.04660121729993,0.223648425756968,0.115099516090418,0.846,0.481,0.556,0.778,0.333,0.875,-2.91325,43.29642
-1.28787359053874,-0.469845394282692,0.129301397893536,0.462,0.37,0.556,0.556,0.292,0.625,-4.74074,41.64039
-1.15772814185785,-0.0517007356682456,0.2171117430522,0.462,0.148,0.333,0.333,0.375,0.75,-1.69483,42.17184
-0.799808210906659,1.43394871967191,-0.230018265204631,0.923,0.741,0.889,0.556,0.667,0.875,1.73728627,41.30738356
-1.20557130510121,0.145147514200721,-0.021405011377015,0.385,0.296,0.222,0.444,0.292,0.75,-6.12612,36.71057
-0.394771042718997,1.5835891575379,-0.47323616964496,0.231,0.407,0.333,0.556,0.417,0.75,-6.13915,36.67872
-1.26858523238021,-0.281678313169474,0.274006413665473,0.769,0.296,0.333,0.444,0.292,0.625,1.66955,41.36139
-0.311939777138825,1.87242579047866,-1.28909875042208,0.462,0.074,0.111,0.556,0.292,0.375,2.92386,42.37452
-1.11568016221619,0.129250528170424,0.0868827067723215,0.846,0.704,0.667,0.556,0.625,0.875,1.79042,41.42585
-1.29007581329677,-0.0392661365284108,0.572649989860933,0.462,0.296,0.222,0.333,0.25,0.75,-4.61256398,37.43620555
-1.15422577087641,-1.02182920632781,0.258835398949622,0.538,0.222,0.111,0.333,0.375,0.5,-1.27681,39.55869
-0.512027747624112,-0.176044846447447,-0.19096006264202,0.231,0.185,0.333,0.111,0.208,0.625,2.8139355,39.6687019
-0.780351618477107,0.896827627081587,-0.453227152011078,0.462,0.296,0.556,0.556,0.458,0.5,-4.75495,41.61363
-1.76580867844796,-1.99935446614673,-7.89994778595985,0.846,0.963,0.889,0.556,0.833,0.875,2.23703,41.52787
-1.54214631164551,-1.12300931813835,-0.0301965276219106,0.769,0.519,0.667,0.667,0.583,1.0,-4.7654172,41.7072785
-1.198079538891,0.58585056018842,1.25820574428502,0.692,0.63,0.444,0.556,0.667,0.75,0.94736,41.38253
-0.98841585168174,0.450663318805575,-0.0429883015343846,0.385,0.333,0.667,0.444,0.417,0.5,2.9217,42.37193
-0.902707972623598,0.932925145875536,-0.170780595344741,0.538,0.185,0.111,0.444,0.292,0.5,-1.83339,41.2216
-1.13398101147469,0.335769544938455,-0.120724474901914,0.538,0.519,0.444,0.556,0.625,0.75,-4.48225,36.69714
-1.10768068829223,0.324394815093145,0.351436345364104,0.538,0.37,0.444,0.333,0.5,0.875,-2.10113,43.16908
-1.24643016215113,-0.99504408404684,0.10382038633163,0.385,0.704,0.667,0.556,0.625,0.75,-2.16347,43.28801
-2.03553617848435,-1.6148533821793,-0.845746536965916,0.231,0.185,0.111,0.333,0.292,0.5,-2.71911,42.38674
0.150592664406553,4.08109698628053,0.363412905588751,0.231,0.074,0.222,0.111,0.25,0.125,-8.81537208,42.48234183
-1.86753750693053,-1.71793196888918,-0.337210598666795,0.615,0.556,0.444,0.444,0.458,0.75,-2.8270961,42.53960942
-1.08598120105345,0.143107368806413,0.308996335328451,0.0,0.0,0.0,0.0,0.0,0.0,-3.12177851,39.59269697
-1.19868809775439,-0.0670683306516117,0.607662121870568,0.154,0.0,0.0,0.0,0.083,0.125,0.43909,41.0531
-1.6029493679944,-0.770377274898174,-0.161860666822038,0.846,0.556,0.778,0.556,0.75,0.875,1.73244,41.24956
-1.30495445175807,0.424134831363005,0.788117193679192,0.231,0.296,0.111,0.444,0.25,0.875,-4.01186,41.57404
-1.23682068451256,0.194980242695202,-0.0887668886581999,0.692,0.667,0.444,0.444,0.375,0.625,-4.5299579,41.7999746
-1.47328666449679,0.320714151103388,2.10753346585948,0.615,0.63,0.333,0.778,0.5,0.875,-3.46433,38.63996
-1.3142207762252,0.0633451842823892,-0.224867695893518,0.538,0.333,0.222,0.444,0.417,0.625,1.6390415,41.4397152
-1.34485872134033,0.274753345519946,0.204834525863071,0.615,0.37,0.111,0.778,0.208,0.875,-4.25211111,43.3809444
-1.97847996323155,-1.93166647276917,-0.321940809834899,0.615,0.444,0.556,0.667,0.417,0.625,-0.18084512,38.96855086
-1.08299366971846,0.835486298034719,0.363748390612359,0.769,0.481,0.778,0.556,0.458,0.875,-8.765877,42.49093796
-0.527224087161975,1.69068742847651,-0.427435693908796,0.462,0.296,0.333,0.556,0.417,0.75,-8.74917394,42.49962636
-1.16000603889513,0.281852657031576,-0.188123931797462,0.385,0.556,0.667,0.667,0.583,0.875,-3.69559,40.42571
-1.42667835186497,0.0699060233288356,0.356832627688987,0.154,0.222,0.222,0.556,0.333,0.5,-5.24797,42.34774
-1.13291564158528,0.429722551942732,-0.812545126109556,0.308,0.222,0.222,0.667,0.25,0.875,-2.77328,42.43756
-0.905222476231702,0.912111621395699,-0.420679319496837,0.462,0.519,0.556,0.556,0.375,0.875,-5.57525,42.31666
-1.24438770161087,0.333697427022106,-0.165939994338876,0.462,0.222,0.556,0.556,0.375,0.875,2.8445,39.68547
-0.66972433188041,1.32947704691783,-0.932913335834684,0.538,0.519,0.444,0.667,0.625,1.0,-2.6944867,42.4287945
-1.35586859163536,-0.373239728475392,-1.84890483120311,0.846,0.333,0.444,0.444,0.708,0.875,1.61079036,41.386413
-0.806792784550413,2.17281729839233,1.21250922267735,0.231,0.222,0.111,0.111,0.25,0.5,-2.36765,43.29362
-1.19778751917983,0.0182408815572147,0.320299972006301,0.692,0.407,0.333,0.444,0.417,0.875,-1.45885,41.83177
-1.16536230190109,0.512784185851857,-0.517293535056901,0.308,0.185,0.111,0.556,0.5,0.375,0.73208,41.12631
-1.47828796651317,-0.504393205886675,0.249418129837564,0.538,0.222,0.111,0.556,0.208,0.625,-8.8058397,42.40747912
-1.26723893623327,0.355340837107562,0.237730988918609,0.231,0.37,0.111,0.444,0.167,0.75,-8.3123868,42.1122944
-1.36325455640506,0.0579112417957363,0.442626053862377,0.154,0.074,0.222,0.111,0.125,0.125,-3.93363431,41.7835701
-1.20995443427865,0.230328121572965,1.14112618634403,0.615,0.333,0.444,0.222,0.292,0.625,1.36562,41.26539
-1.05547281271502,0.712486984359585,0.171523967794733,0.538,0.667,0.667,0.444,0.5,0.875,-2.85094977,43.27914772
-1.08691946030017,0.523950364055433,-0.009714392536438,0.385,0.296,0.444,0.556,0.375,0.875,0.7768701,41.1934056
-1.58475544054171,-0.569421782278845,-0.195135584267069,0.615,0.296,0.333,0.667,0.625,0.875,-1.94338,42.37866
-1.83969589004956,-1.75420083025634,-0.273722684575155,0.769,0.593,0.444,0.778,0.625,0.75,-4.71791982,41.28028902
-2.01240873101935,-1.75032790587645,-0.0493153274133594,0.769,0.741,0.667,0.667,0.5,0.75,-3.68744,40.4255
-1.79533638098703,-2.31148055702742,-0.926379835490186,0.538,0.296,0.222,0.556,0.333,0.875,-0.9670576,37.7469426
-1.4856526916036,-0.50116645903513,0.375114001062875,0.615,0.63,0.556,0.444,0.417,0.75,-4.61211,37.43578
-1.21578410087377,-0.62603889800878,0.975838047140238,0.385,0.222,0.111,0.556,0.25,0.625,-4.57471753,37.55972563
-1.27384384082279,0.174569323836851,-0.0774670561684279,0.538,0.444,0.778,0.444,0.542,0.875,0.11879,42.03916
-1.39649260949577,0.0307380582766773,0.138978717267284,0.769,0.481,0.444,0.667,0.375,0.75,-1.3283,38.79041
-1.89609955317086,-1.67995001114812,0.0385950713259664,0.615,0.333,0.0,0.556,0.417,0.5,-2.7602557,39.5690417
-1.52616335537437,-0.974612276366761,-3.00212088062003,0.923,0.926,0.667,0.778,0.792,0.875,1.70426,41.34443
-1.50404895026797,-0.0422094568776905,0.353286111409298,0.923,0.667,0.556,0.556,0.792,1.0,1.75363724,41.40365667
-1.39438825894759,0.269440943847306,0.470462709935985,0.692,0.37,0.667,0.667,0.542,0.875,-2.04991,42.22904
-0.669147434904915,-0.0131276234517915,0.373667829745166,0.615,0.481,0.444,0.667,0.583,0.875,2.154544,41.407627
-1.23213894573877,0.713635106842326,0.307315934286497,0.462,0.333,0.556,0.444,0.333,0.875,-6.54806,37.38617
-1.16909419712491,0.293150512112488,-0.288166130786829,0.231,0.222,0.222,0.556,0.208,0.875,-1.68714898,41.825546
-1.37922408108574,0.537184532610805,0.792144607831343,0.385,0.111,0.0,0.333,0.083,0.375,0.8082476,41.1301149
-1.79313666268538,-0.977571846181562,0.375313920234911,0.231,0.0,0.222,0.111,0.0,0.375,-6.8126946,42.69528203
-1.29437743804889,0.388968771545563,0.232069052466751,0.385,0.259,0.222,0.333,0.542,0.375,1.79098,41.42668
-1.12304240767841,0.671129364236684,0.0271647007715734,0.462,0.185,0.222,0.556,0.5,0.25,0.77566,41.19304
-1.23719538558926,0.26222329406517,0.65039459886025,0.385,0.185,0.444,0.444,0.333,0.625,-5.16472,36.739
-1.38448058709622,0.125852290957982,0.0349300969460054,0.385,0.296,0.222,0.333,0.25,0.5,-8.06539859,42.34280304
-1.05833299592241,1.03609656869322,-0.0180507486565048,0.692,0.296,0.333,0.667,0.417,0.875,-7.70633103,42.44724951
-1.67517978520286,-0.70782499663035,0.34139316749025,0.077,0.037,0.111,0.111,0.083,0.125,0.1527946,42.06735885
-1.87852669058321,-2.57408138984374,-13.4308400171991,0.308,0.148,0.111,0.444,0.458,0.25,-8.39786,43.37547
-1.87501236113607,-1.34501063883114,-0.254879698033089,0.077,0.111,0.0,0.222,0.042,0.375,-2.08596,42.47754
-1.77005127840787,-0.970058220233796,0.0640436861891511,0.538,0.37,0.556,0.556,0.625,0.625,-7.569794,42.3827676
-1.48731381564482,-0.293494138461532,0.528048829767359,0.0,0.0,0.0,0.0,0.083,0.125,-6.30953682,38.24753848
-1.47555847063429,0.0717581490800678,0.189420731852115,0.769,0.556,0.667,0.778,0.542,0.875,-3.38512,38.7664
-1.30589882987855,0.402101126021678,0.0999382718750327,0.538,0.407,0.333,0.444,0.417,0.75,1.84996,41.35277
-2.46018617431116,-2.91830580159693,-0.580419047865178,0.615,0.37,0.444,0.333,0.583,0.625,-2.0369908,42.6588276
-0.961918772935284,0.912525437735008,-0.597992369901161,0.692,0.741,0.556,0.444,0.5,0.75,1.78433,41.42323
-1.72376066297366,-0.584610025573976,0.189392337446306,0.385,0.37,0.111,0.556,0.333,0.625,0.90556711,41.2650994
-1.46651230394657,-0.382357157701318,-0.19731546500083,0.538,0.296,0.333,0.444,0.625,0.625,0.056724,39.0319997
-0.895797969218491,2.13882732544957,1.21192096771781,0.538,0.407,0.444,0.556,0.417,0.875,-4.6385,37.58908
-0.98866020264451,1.06200931363593,1.16566434913828,0.385,0.667,0.778,0.556,0.625,0.875,-1.38262,39.47656
-1.44201477768342,0.122371915914695,-0.847229062832574,0.308,0.185,0.222,0.556,0.292,0.75,0.85628436,41.18730752
-1.41218111270446,0.357837524278778,0.337279969047062,0.308,0.407,0.667,0.222,0.333,0.5,-1.29976,42.65684
-1.39124695331456,-0.0412989379287913,-0.117493976025117,0.692,0.444,0.222,0.333,0.333,0.625,1.65174355,41.4141603
-1.18768262884493,0.737935293887338,-0.157291419446963,0.308,0.296,0.444,0.333,0.417,0.625,-2.73005,42.41531
-1.3145429902366,0.0615345440894581,0.100336667932854,0.538,0.148,0.222,0.444,0.375,0.75,-5.29869,41.53234
-1.3521953209899,0.107350432760439,-0.824740022558205,0.385,0.185,0.111,0.222,0.417,0.75,1.687763,41.406898
-1.46351255945175,0.123555486222922,0.168266701224768,0.462,0.37,0.222,0.556,0.375,0.75,-1.81219752,43.3320909
-1.61884156408593,-0.338814292947512,0.183415072577536,0.538,0.481,0.556,0.444,0.458,0.375,-1.01327721,39.8760332
-1.55562718533775,-0.485017414221323,0.295261437290968,0.154,0.519,0.0,0.222,0.333,0.75,-3.30737,39.72572
-1.14914429113146,1.5660069910059,1.33775250460755,0.077,0.0,0.222,0.111,0.125,0.25,-7.16181,42.34638
-1.10612297331987,0.798656339347726,-0.432407561708897,0.385,0.333,0.444,0.556,0.5,0.875,1.01463858,41.91687705
-1.14741548158168,0.770507041732834,-0.164553627346554,0.385,0.407,0.222,0.333,0.208,0.75,-3.84390267,41.8188941
-0.985934075004461,2.38598614576575,2.12421593860149,0.308,0.111,0.0,0.333,0.208,0.375,-8.77766,42.4915
-1.3986238554239,0.319352885756309,0.390104665212054,0.769,0.519,0.222,0.667,0.542,0.625,0.844888,41.233358
-1.39596501221729,0.144953433378481,0.164723411094707,0.385,0.407,0.333,0.444,0.375,0.625,2.84459611,39.52932382
-2.17593353779882,-1.67200349154996,0.723482906656292,0.769,0.519,0.667,0.667,0.5,1.0,0.77649,41.19287
-1.21991289677616,0.484848174139104,-0.216357827756539,0.231,0.111,0.444,0.444,0.292,0.375,-5.54271,37.26216
-1.57569262570543,-0.0697671601075123,-0.110432772674037,0.385,0.148,0.111,0.444,0.167,0.75,1.686737,41.371848
-1.33063368867458,0.46996357540916,0.541651096160726,0.538,0.074,0.333,0.444,0.292,0.5,-4.11619,41.59976
-1.39812600906558,0.19012830049983,-0.135385743209328,0.308,0.407,0.222,0.444,0.333,0.625,-1.14282,42.12237
-1.14817654151591,0.573472848354914,-0.467563307835065,0.769,0.593,0.667,0.667,0.458,0.75,-2.66698,42.54988
-1.42073439561279,-0.732025286757866,0.862281516512055,0.308,0.333,0.333,0.556,0.458,0.625,0.85625,41.18833
-1.61541135372435,-0.343580589949973,0.187705443043246,0.769,0.519,0.667,0.778,0.542,0.75,-0.09770904,40.17086661
-2.56657665299883,-2.87577695746889,-0.643856487967744,0.462,0.444,0.556,0.444,0.542,0.875,-0.428182,38.78867
-1.15036852847018,1.46808835425777,1.05048528989376,0.538,0.63,0.333,0.444,0.458,0.875,1.17789,41.45732
-2.00818353579732,-1.79345509300214,-0.767066208406222,0.615,0.296,0.111,0.444,0.208,0.375,-4.69452,41.8095
-0.964917970201583,1.57722439626897,0.277720743219847,0.692,0.481,0.333,0.222,0.583,0.875,0.25713,42.01098
-1.67662145071828,-0.397116010226398,1.05113296730972,0.769,0.593,0.222,0.667,0.417,0.75,-0.1644,40.15712
-1.39591509540533,0.42445967324562,0.731578657609302,0.154,0.037,0.333,0.333,0.125,0.375,-3.97439,36.83308
-1.54362084377188,0.117910471724776,0.478822380765193,0.538,0.333,0.444,0.556,0.583,0.625,-1.36168,42.59458
-1.4554006226934,0.260992652914708,-0.0084158458368514,0.308,0.407,0.111,0.444,0.292,0.875,1.73932,41.40935
-1.41376954825399,0.392234158551567,0.272643613079828,0.615,0.407,0.444,0.333,0.417,0.5,1.78645,41.42324
-1.44884284254606,0.289776877138748,0.072863419654053,0.385,0.259,0.222,0.333,0.292,0.625,-2.70928,42.44499
-1.41759440794118,0.332512201151154,0.0428397854962463,0.308,0.296,0.222,0.444,0.375,0.5,-4.76771,41.74435
-2.92259674536469,-4.41975377223055,-3.04375811128812,0.385,0.296,0.222,0.444,0.667,0.875,-7.28760655,42.46637521
-1.28876840916966,0.782322146361386,1.77839518822917,0.231,0.519,0.222,0.333,0.208,0.75,-3.00232,43.00181
-1.20305028181946,2.79594067312014,2.73894868882366,0.231,0.296,0.333,0.444,0.208,0.625,-3.02464,39.14966
-1.23426470560395,0.792629312067574,0.140446112544861,0.462,0.111,0.444,0.222,0.25,0.5,-4.31147,41.40091
-1.43558482145461,0.392339460621087,0.344666184076182,0.385,0.148,0.333,0.444,0.333,0.75,2.1869379,41.4160445
-1.49764252287431,-0.130243019695123,-0.430992254471397,0.462,0.148,0.222,0.222,0.375,0.5,-2.17305,42.573072
-1.42903059825214,0.667025349245739,1.32860504653185,0.077,0.148,0.111,0.333,0.25,0.75,-3.68850621,41.66836939
0.894392164301344,3.54777801795882,-0.233247788106321,0.692,0.852,0.889,0.667,0.792,0.875,3.00924,42.30791
-1.45929642387581,0.0125874665900552,0.0302495374921285,0.308,0.148,0.333,0.556,0.333,0.75,-1.65720572,42.0292681
-1.32318702086826,-0.357744779319744,-0.0092917067774283,0.077,0.037,0.111,0.222,0.125,0.5,-3.68502,40.42228
-2.0899935118406,-1.89306272497599,0.0782355183349892,0.462,0.333,0.333,0.333,0.375,0.875,2.89777,39.647696
-1.5651325489387,-0.1842765582503,0.481412621738269,0.462,0.407,0.444,0.444,0.375,0.875,-6.54192,37.33483
-2.32511744015236,-1.7598610018256,0.739174426498398,0.538,0.444,0.444,0.556,0.5,1.0,1.65111,41.36465
-1.78206751364308,-0.245529283705451,0.459367624132803,0.385,0.185,0.333,0.444,0.375,0.75,-7.2593357,42.4695018
-2.2017062122958,-1.96792748508543,-0.304996869392323,0.538,0.222,0.222,0.333,0.417,0.5,1.72743056,41.32061142
-1.61915569508302,-2.76334158267215,-1.59922033953572,0.538,0.444,0.222,0.444,0.375,0.625,-2.57745,42.49126
-1.54933364396026,0.104131130079027,0.42877155507107,0.615,0.481,0.444,0.667,0.208,0.75,-6.13657,36.6794
-1.51240401203687,0.226594834731381,1.43561726950241,0.154,0.148,0.111,0.444,0.333,0.625,0.8451,41.23289
-1.89976086429034,-0.700912306184376,1.13711186204935,0.538,0.296,0.333,0.556,0.375,0.75,-5.3865,39.37767
-1.51129338806476,0.306599141685059,0.484106839152294,0.462,0.741,0.333,0.556,0.583,0.875,-1.4328,38.6922
-1.68575649854685,-0.38320992994847,0.857719411300455,0.154,0.111,0.0,0.222,0.25,0.75,-2.5618,42.46765
-1.84742600624721,-0.632706633017352,-0.0320009673350962,0.615,0.481,0.333,0.556,0.542,0.875,1.26879,41.58991
-1.35277492732648,0.490720564153384,-0.0182705846408262,0.231,0.111,0.222,0.556,0.167,0.375,-1.33042,38.47018
-1.60142323903991,0.147015377786207,0.3366315895029,0.154,0.0,0.111,0.0,0.0,0.125,-4.15699,41.6389
-1.55159797521995,0.252734890707591,0.256642551085215,0.385,0.148,0.556,0.444,0.458,0.125,0.73202,41.21611
-1.66251856197858,0.244689023042744,0.67250548129851,0.308,0.037,0.0,0.222,0.042,0.375,-4.30089,41.74932
-1.47219511967207,0.674974678840102,0.776370922571815,0.231,0.259,0.222,0.556,0.208,0.75,-3.57901,40.73675
-1.63153484846893,-0.317818569159166,-0.237333853842734,0.308,0.148,0.111,0.444,0.292,0.5,-1.7979,37.90559
-1.68635110949518,-0.494591834211544,0.253963382903616,0.308,0.259,0.222,0.333,0.292,0.125,-1.8880546,42.2295873
-1.65351069721862,-0.0643705231617789,0.134647709865641,0.923,0.407,0.444,0.444,0.542,0.875,1.78341,41.35139
-1.73566552986856,-0.413115139354551,-0.108562947643784,0.538,0.556,0.111,0.444,0.417,0.75,2.11915,41.39008
-1.51359305875907,0.0234970442305246,-0.0830054120434126,0.692,0.444,0.333,0.667,0.5,0.875,-6.95287,37.26191
-1.94222744281263,-0.602973953797739,1.13342201923225,0.154,0.148,0.333,0.222,0.125,0.125,-6.57225,42.54508
-1.40544292793458,-0.384992939775528,-3.09214099634467,0.154,0.185,0.111,0.222,0.125,0.625,1.43156,38.91124
-1.76892022910805,-0.423908057728092,-0.0488893992966232,0.154,0.037,0.222,0.333,0.125,0.5,-5.16562,36.74418
-1.77424218816048,-0.745266629183123,0.786039716971209,0.231,0.037,0.222,0.333,0.125,0.375,-3.29928192,36.879439
-1.77717618625753,-0.435099768205582,0.115696926185995,0.385,0.296,0.444,0.444,0.25,0.75,-7.62455,42.507
-2.33338307632178,-1.5315153502737,0.611019152757462,0.308,0.259,0.333,0.444,0.375,0.75,-6.35551,36.77706
-1.74831697388199,-0.195902711699426,0.281578466306944,0.385,0.333,0.333,0.444,0.333,0.625,1.84615,41.39665
-1.56046696923577,0.135502611748216,0.174919020683632,0.231,0.296,0.111,0.333,0.25,0.75,-0.030128,42.139956
-1.75022513364794,-0.0780366722535216,0.683805545326852,0.231,0.333,0.222,0.333,0.542,0.75,-4.1003,41.64319
-1.66873797580485,0.19422264712183,0.795340278644143,0.846,0.963,1.0,0.778,0.917,0.875,0.77665,41.19281
-1.31487079474672,-1.21973035123078,1.08981060424061,0.308,0.296,0.222,0.556,0.375,0.875,-3.98885,42.20606
-1.66249574019198,0.028587106577476,0.361147345207226,0.615,0.519,0.556,0.556,0.417,0.875,-8.56051915,42.07565239
-1.82368118961881,-0.209800009053225,0.516946980813134,0.077,0.111,0.0,0.333,0.083,0.625,-6.94638489,42.4474935
-2.60627014517392,-3.0519900010067,-0.423066619302359,0.154,0.259,0.333,0.333,0.208,0.125,-2.40841718,42.5247916
-2.11908737156554,-1.57366424694651,0.990861981105203,0.077,0.037,0.0,0.444,0.125,0.375,-2.7746,42.43855
-1.70632727096449,-0.744523658526499,0.77425042505026,0.769,0.593,0.778,0.667,0.5,1.0,-1.66714,38.05111
-1.67143372915675,0.29501782407597,0.917842418396159,0.615,0.148,0.222,0.444,0.125,0.375,-3.8678285,41.6284256
-1.66876348987189,0.0584790174042558,0.424742221877708,0.538,0.333,0.111,0.333,0.292,0.625,-7.11565,42.39815
-1.95030464169686,-0.830802586354897,0.0630378719317905,0.615,0.148,0.222,0.444,0.25,0.625,-4.75453,41.52465
-1.57844540574843,0.675767918816352,2.37873810816941,0.077,0.074,0.222,0.444,0.208,0.5,-8.77437,41.94629
-1.8174177625528,-0.129978236387429,0.344643083047187,0.692,0.259,0.333,0.444,0.375,0.75,-6.81080644,42.60688627
-1.54439947265113,0.243797343312545,0.351062168433164,0.538,0.481,0.667,0.556,0.458,0.875,-2.20778775,38.07790423
-2.05153039507937,-1.44454616239064,0.474593832860032,0.462,0.593,0.556,0.444,0.583,0.875,2.64785,39.57037
-1.73821451502462,-0.0080126402649244,0.455912584500763,0.077,0.074,0.0,0.0,0.0,0.0,2.17314,41.37922
-1.85181175018181,-0.654665884088403,-0.291975481925508,0.154,0.148,0.333,0.444,0.167,0.5,-8.06539859,42.34280304
-1.43498484806072,0.419671005118945,0.0533237489003824,1.0,0.667,0.889,0.889,0.708,1.0,-3.38182,38.75907
-1.99321415818925,-0.733589141059584,0.263737936232517,0.462,0.407,0.111,0.444,0.375,0.875,1.7529396,41.2556773
-2.83669800440805,-3.20550137816081,-0.310156964905524,0.231,0.148,0.333,0.333,0.208,0.75,0.77693706,41.19314399
-1.18955594353665,1.66615350833647,2.59087974070382,0.077,0.074,0.111,0.222,0.125,0.375,-2.8898117,36.9939431
-1.84641819818806,-0.382365995132878,0.66351397359822,0.462,0.222,0.333,0.222,0.417,0.5,-5.19952155,39.70496869
-1.86423319825094,-0.342912606484235,0.435491625937917,0.462,0.333,0.556,0.444,0.333,0.875,-6.54812,37.38618
-1.54295954258756,0.65982800605802,1.28799611503573,0.385,0.333,0.444,0.333,0.417,0.625,0.85662854,41.18836077
-2.0331554231198,-1.10916601047505,-0.639719722176553,0.385,0.185,0.333,0.556,0.292,0.375,-5.6627906,43.3864837
-2.07953887091759,-0.973040495277056,0.314929364788401,0.615,0.296,0.333,0.556,0.333,0.375,-3.29928192,36.879439
-1.79071739928323,-0.0552732013133627,0.620678791903691,0.538,0.111,0.444,0.444,0.292,0.5,-8.79871,42.41669
-1.33943486933149,-1.60320683212829,0.777136164757699,0.692,0.519,0.333,0.667,0.333,0.75,-0.3929,39.46843
-1.87117029047857,-0.615518360489317,0.578700970384707,0.615,0.741,0.444,0.444,0.458,0.875,2.1047,41.55095
-1.70394422501038,0.464061016977918,0.988037024178725,0.231,0.185,0.111,0.333,0.25,0.625,-5.24813766,36.37652329
-1.69277642254597,-0.0238419838564124,0.365567065568654,0.385,0.185,0.222,0.333,0.375,0.625,-5.73877,41.50648
-1.77907385578914,-0.282533508762284,0.342664172091953,0.538,0.296,0.333,0.556,0.292,0.5,-0.37365641,40.89655147
-1.73712397786315,-0.168711072412937,0.483137348204603,0.077,0.148,0.222,0.444,0.375,0.25,-6.50044421,42.59477704
-1.779698312632,0.0440966258574568,1.03747304404016,0.154,0.148,0.0,0.111,0.167,0.625,-5.3974,41.52378
-2.40401218760163,-1.58222872667165,0.943625500265328,0.615,0.407,0.333,0.333,0.375,0.875,2.2184499,42.1034099
-1.60074671312039,0.251830058688268,0.450093480927961,0.462,0.481,0.556,0.667,0.583,1.0,-3.01018294,39.16872844
-2.18157993659329,-1.24484283362939,0.0229547490371841,0.462,0.259,0.444,0.333,0.333,0.875,-2.44511,42.46209
-2.08256377814362,-0.853647391042905,0.630709986645195,0.308,0.185,0.333,0.444,0.333,0.75,-2.46415,42.45474
-2.02032957955426,-0.786556411162484,0.404480477196795,0.538,0.333,0.222,0.556,0.375,0.875,-3.71759,40.41037
-1.03620691126143,2.5012364206689,2.32179656179989,0.692,0.37,0.444,0.556,0.458,0.875,-3.77578,40.45491
-2.0102822868385,-0.785547818986247,0.265046085391268,0.462,0.074,0.222,0.222,0.292,0.375,-2.8374,42.5412
-1.97866413841019,-0.721579455885692,3.19720552408516,0.385,0.333,0.111,0.556,0.542,0.625,1.233103,41.332435
-2.09623004520906,-0.959828048803051,0.167335886105685,0.231,0.074,0.333,0.333,0.375,0.625,-2.79319,42.58816
-2.14084241601971,-1.05162785822203,0.33400235777542,0.308,0.074,0.222,0.222,0.25,0.5,-4.36409,41.63735
-2.02505788217984,-0.571193151891437,0.532702378912882,0.692,0.667,0.667,0.778,0.625,0.875,-4.90917,41.08426
-1.92388573535099,-0.599376540854947,0.70746764749168,0.231,0.148,0.0,0.333,0.125,0.75,1.35836077,41.32817419
-1.80796384035675,0.138467780118901,1.09333127088412,0.308,0.037,0.111,0.222,0.25,0.625,-5.24829635,36.37631686
-2.08978912998922,-1.53815986972005,0.0431973154594015,0.462,0.111,0.111,0.444,0.417,0.625,-2.82167,42.55054
-1.73328602477764,0.462345016873734,1.44128966336447,0.385,0.296,0.222,0.333,0.375,1.0,-3.02098,36.75134
-2.89390325206981,-2.94594188683486,-0.0885258446975623,0.154,0.111,0.222,0.333,0.25,0.625,-0.37064,39.46896
-1.8745332354936,-0.758105142043874,0.724302212956438,0.769,0.778,1.0,1.0,0.792,1.0,-2.43849,42.50396
-3.42594832198161,-4.74216869915982,0.115410536339807,0.692,0.852,0.667,0.444,0.75,0.875,-1.11188,38.61067
